grid_i,grid_j,X_original,Y_original,Z_original,X_deformed,Y_deformed,Z_deformed,grid_value,distance_from_origin,decay_factor
0,0,-5.0,-5.0,0.0,-5.0,-4.97646929448383,0.014798012717263677,0.014798012717263677,7.0710678118654755,0.06217652402211629
0,1,-4.473684210526316,-5.0,0.0,-4.473684210526316,-4.968958826637524,0.019521202960151227,0.019521202960151227,6.709236202095769,0.082021861177106
0,2,-3.947368421052632,-5.0,0.0,-3.947368421052632,-4.960292340430722,0.02497139114146715,0.02497139114146715,6.370378124689581,0.10492181151876954
0,3,-3.4210526315789473,-5.0,0.0,-3.4210526315789473,-4.950745781769094,0.030975040134642556,0.030975040134642556,6.058349701695441,0.13014722745648133
0,4,-2.8947368421052633,-5.0,0.0,-2.8947368421052633,-4.940755839384734,0.03725752470982469,0.03725752470982469,5.777499578973723,0.15654422146985164
0,5,-2.368421052631579,-5.0,0.0,-2.368421052631579,-4.930899585739961,0.04345593498187168,0.04345593498187168,5.532577905691747,0.18258796210870457
0,6,-1.8421052631578947,-5.0,0.0,-1.8421052631578947,-4.92184644616333,0.0491492821062952,0.0491492821062952,5.328541245083312,0.2065095886819126
0,7,-1.3157894736842106,-5.0,0.0,-1.3157894736842106,-4.914286389056201,0.05390365809122512,0.05390365809122512,5.170232290628553,0.2264859583664921
0,8,-0.7894736842105265,-5.0,0.0,-0.7894736842105265,-4.9088442997601245,0.057326084442040855,0.057326084442040855,5.061943174124038,0.24086590101697838
0,9,-0.2631578947368425,-5.0,0.0,-0.2631578947368425,-4.9059950221025295,0.05911794091583567,0.05911794091583567,5.00692041853696,0.248394709730402
0,10,0.2631578947368416,-5.0,0.0,0.2631578947368416,-4.9059950221025295,0.05911794091583567,0.05911794091583567,5.00692041853696,0.248394709730402
0,11,0.7894736842105257,-5.0,0.0,0.7894736842105257,-4.9088442997601245,0.057326084442040855,0.057326084442040855,5.061943174124038,0.24086590101697838
0,12,1.3157894736842106,-5.0,0.0,1.3157894736842106,-4.914286389056201,0.05390365809122512,0.05390365809122512,5.170232290628553,0.2264859583664921
0,13,1.8421052631578947,-5.0,0.0,1.8421052631578947,-4.92184644616333,0.0491492821062952,0.0491492821062952,5.328541245083312,0.2065095886819126
0,14,2.3684210526315788,-5.0,0.0,2.3684210526315788,-4.930899585739961,0.04345593498187168,0.04345593498187168,5.532577905691747,0.18258796210870457
0,15,2.894736842105263,-5.0,0.0,2.894736842105263,-4.940755839384734,0.03725752470982469,0.03725752470982469,5.777499578973723,0.15654422146985164
0,16,3.421052631578947,-5.0,0.0,3.421052631578947,-4.950745781769094,0.030975040134642556,0.030975040134642556,6.058349701695441,0.13014722745648133
0,17,3.947368421052632,-5.0,0.0,3.947368421052632,-4.960292340430722,0.02497139114146715,0.02497139114146715,6.370378124689581,0.10492181151876954
0,18,4.473684210526315,-5.0,0.0,4.473684210526315,-4.968958826637524,0.019521202960151227,0.019521202960151227,6.709236202095769,0.082021861177106
0,19,5.0,-5.0,0.0,5.0,-4.97646929448383,0.014798012717263677,0.014798012717263677,7.0710678118654755,0.06217652402211629
1,0,-5.0,-4.473684210526316,0.0,-5.0,-4.44264303716384,0.019521202960151227,0.019521202960151227,6.709236202095769,0.082021861177106
1,1,-4.473684210526316,-4.473684210526316,0.0,-4.473684210526316,-4.432735398215646,0.025751928471236106,0.025751928471236106,6.326744884300688,0.10820138013124415
1,2,-3.947368421052632,-4.473684210526316,0.0,-3.947368421052632,-4.421302766048965,0.032941693184329233,0.032941693184329233,5.966202130923492,0.13841047556440855
1,3,-3.4210526315789473,-4.473684210526316,0.0,-3.4210526315789473,-4.408709162247882,0.04086157085550858,0.04086157085550858,5.631824883955972,0.1716872725021369
1,4,-2.8947368421052633,-4.473684210526316,0.0,-2.8947368421052633,-4.395530656689646,0.0491492821062952,0.0491492821062952,5.328541245083312,0.2065095886819126
1,5,-2.368421052631579,-4.473684210526316,0.0,-2.368421052631579,-4.38252851028644,0.057326084442040855,0.057326084442040855,5.061943174124038,0.24086590101697838
1,6,-1.8421052631578947,-4.473684210526316,0.0,-1.8421052631578947,-4.37058581375829,0.06483661892136355,0.06483661892136355,4.838099029171114,0.2724227685771578
1,7,-1.3157894736842106,-4.473684210526316,0.0,-1.3157894736842106,-4.360612757781225,0.0711084839564848,0.0711084839564848,4.663169775439303,0.2987751426743059
1,8,-0.7894736842105265,-4.473684210526316,0.0,-0.7894736842105265,-4.353433676933967,0.0756232712246767,0.0756232712246767,4.54280960569265,0.31774483707847356
1,9,-0.2631578947368425,-4.473684210526316,0.0,-0.2631578947368425,-4.349674974430702,0.07798704767011806,0.07798704767011806,4.481417464717474,0.327676670882849
1,10,0.2631578947368416,-4.473684210526316,0.0,0.2631578947368416,-4.349674974430702,0.07798704767011806,0.07798704767011806,4.481417464717474,0.327676670882849
1,11,0.7894736842105257,-4.473684210526316,0.0,0.7894736842105257,-4.353433676933967,0.07562327122467673,0.07562327122467673,4.542809605692649,0.3177448370784737
1,12,1.3157894736842106,-4.473684210526316,0.0,1.3157894736842106,-4.360612757781225,0.0711084839564848,0.0711084839564848,4.663169775439303,0.2987751426743059
1,13,1.8421052631578947,-4.473684210526316,0.0,1.8421052631578947,-4.37058581375829,0.06483661892136355,0.06483661892136355,4.838099029171114,0.2724227685771578
1,14,2.3684210526315788,-4.473684210526316,0.0,2.3684210526315788,-4.38252851028644,0.057326084442040855,0.057326084442040855,5.061943174124038,0.24086590101697838
1,15,2.894736842105263,-4.473684210526316,0.0,2.894736842105263,-4.395530656689646,0.0491492821062952,0.0491492821062952,5.328541245083312,0.2065095886819126
1,16,3.421052631578947,-4.473684210526316,0.0,3.421052631578947,-4.408709162247882,0.04086157085550858,0.04086157085550858,5.631824883955972,0.1716872725021369
1,17,3.947368421052632,-4.473684210526316,0.0,3.947368421052632,-4.421302766048965,0.032941693184329233,0.032941693184329233,5.966202130923492,0.13841047556440855
1,18,4.473684210526315,-4.473684210526316,0.0,4.473684210526315,-4.432735398215646,0.02575192847123612,0.02575192847123612,6.3267448843006875,0.10820138013124421
1,19,5.0,-4.473684210526316,0.0,5.0,-4.44264303716384,0.019521202960151227,0.019521202960151227,6.709236202095769,0.082021861177106
2,0,-5.0,-3.947368421052632,0.0,-5.0,-3.9076607614833536,0.02497139114146715,0.02497139114146715,6.370378124689581,0.10492181151876954
2,1,-4.473684210526316,-3.947368421052632,0.0,-4.473684210526316,-3.8949869765752814,0.032941693184329233,0.032941693184329233,5.966202130923492,0.13841047556440855
2,2,-3.947368421052632,-3.947368421052632,0.0,-3.947368421052632,-3.8803624306293436,0.04213879170496139,0.04213879170496139,5.582421956735902,0.17705374665950163
2,3,-3.4210526315789473,-3.947368421052632,0.0,-3.4210526315789473,-3.864252777600303,0.052269845796417795,0.052269845796417795,5.223535063494529,0.21962120082528486
2,4,-2.8947368421052633,-3.947368421052632,0.0,-2.8947368421052633,-3.8473949221891135,0.06287143012159441,0.06287143012159441,4.8950197994048095,0.26416567277980846
2,5,-2.368421052631579,-3.947368421052632,0.0,-2.368421052631579,-3.830762664219364,0.07333114051081449,0.07333114051081449,4.603383074877869,0.3081140357597248
2,6,-1.8421052631578947,-3.947368421052632,0.0,-1.8421052631578947,-3.815485647383002,0.0829385655525748,0.0829385655525748,4.356038251907066,0.34848136786796136
2,7,-1.3157894736842106,-3.947368421052632,0.0,-1.3157894736842106,-3.8027281814528835,0.09096149299706727,0.09096149299706727,4.160891658116289,0.38219114704650115
2,8,-0.7894736842105265,-3.947368421052632,0.0,-0.7894736842105265,-3.793544749661358,0.09673677841491132,0.09673677841491132,4.025541721257462,0.406457052163493
2,9,-0.2631578947368425,-3.947368421052632,0.0,-0.2631578947368425,-3.7887366427744484,0.09976050529847454,0.09976050529847454,3.956130625887608,0.4191617869683804
2,10,0.2631578947368416,-3.947368421052632,0.0,0.2631578947368416,-3.7887366427744484,0.09976050529847454,0.09976050529847454,3.956130625887608,0.4191617869683804
2,11,0.7894736842105257,-3.947368421052632,0.0,0.7894736842105257,-3.793544749661358,0.09673677841491132,0.09673677841491132,4.025541721257462,0.406457052163493
2,12,1.3157894736842106,-3.947368421052632,0.0,1.3157894736842106,-3.8027281814528835,0.09096149299706727,0.09096149299706727,4.160891658116289,0.38219114704650115
2,13,1.8421052631578947,-3.947368421052632,0.0,1.8421052631578947,-3.815485647383002,0.0829385655525748,0.0829385655525748,4.356038251907066,0.34848136786796136
2,14,2.3684210526315788,-3.947368421052632,0.0,2.3684210526315788,-3.830762664219364,0.07333114051081449,0.07333114051081449,4.603383074877869,0.3081140357597248
2,15,2.894736842105263,-3.947368421052632,0.0,2.894736842105263,-3.8473949221891135,0.06287143012159441,0.06287143012159441,4.8950197994048095,0.26416567277980846
2,16,3.421052631578947,-3.947368421052632,0.0,3.421052631578947,-3.864252777600303,0.05226984579641783,0.05226984579641783,5.223535063494528,0.21962120082528502
2,17,3.947368421052632,-3.947368421052632,0.0,3.947368421052632,-3.8803624306293436,0.04213879170496139,0.04213879170496139,5.582421956735902,0.17705374665950163
2,18,4.473684210526315,-3.947368421052632,0.0,4.473684210526315,-3.8949869765752814,0.032941693184329233,0.032941693184329233,5.966202130923492,0.13841047556440855
2,19,5.0,-3.947368421052632,0.0,5.0,-3.9076607614833536,0.02497139114146715,0.02497139114146715,6.370378124689581,0.10492181151876954
3,0,-5.0,-3.4210526315789473,0.0,-5.0,-3.371798413348042,0.030975040134642556,0.030975040134642556,6.058349701695441,0.13014722745648133
3,1,-4.473684210526316,-3.4210526315789473,0.0,-4.473684210526316,-3.3560775833005136,0.04086157085550858,0.04086157085550858,5.631824883955972,0.1716872725021369
3,2,-3.947368421052632,-3.4210526315789473,0.0,-3.947368421052632,-3.3379369881266183,0.052269845796417795,0.052269845796417795,5.223535063494529,0.21962120082528486
3,3,-3.4210526315789473,-3.4210526315789473,0.0,-3.4210526315789473,-3.317954234810922,0.06483661892136355,0.06483661892136355,4.838099029171114,0.2724227685771578
3,4,-2.8947368421052633,-3.4210526315789473,0.0,-2.8947368421052633,-3.297043395483333,0.07798704767011806,0.07798704767011806,4.481417464717474,0.327676670882849
3,5,-2.368421052631579,-3.4210526315789473,0.0,-2.368421052631579,-3.276412391979199,0.09096149299706727,0.09096149299706727,4.160891658116289,0.38219114704650115
3,6,-1.8421052631578947,-3.4210526315789473,0.0,-1.8421052631578947,-3.257462458154402,0.102878745607192,0.102878745607192,3.885479752693,0.4322636370050084
3,7,-1.3157894736842106,-3.4210526315789473,0.0,-1.3157894736842106,-3.2416378284025757,0.11283055398593331,0.11283055398593331,3.665365336101084,0.4740779579240895
3,8,-0.7894736842105265,-3.4210526315789473,0.0,-0.7894736842105265,-3.230246505960636,0.11999433979959888,0.11999433979959888,3.510964227401667,0.5041778983176424
3,9,-0.2631578947368425,-3.4210526315789473,0.0,-0.2631578947368425,-3.224282428791288,0.1237450343862147,0.1237450343862147,3.4311591606329728,0.5199371192698097
3,10,0.2631578947368416,-3.4210526315789473,0.0,0.2631578947368416,-3.224282428791288,0.1237450343862147,0.1237450343862147,3.4311591606329728,0.5199371192698097
3,11,0.7894736842105257,-3.4210526315789473,0.0,0.7894736842105257,-3.230246505960636,0.11999433979959888,0.11999433979959888,3.5109642274016664,0.5041778983176424
3,12,1.3157894736842106,-3.4210526315789473,0.0,1.3157894736842106,-3.2416378284025757,0.11283055398593331,0.11283055398593331,3.665365336101084,0.4740779579240895
3,13,1.8421052631578947,-3.4210526315789473,0.0,1.8421052631578947,-3.257462458154402,0.102878745607192,0.102878745607192,3.885479752693,0.4322636370050084
3,14,2.3684210526315788,-3.4210526315789473,0.0,2.3684210526315788,-3.276412391979199,0.0909614929970673,0.0909614929970673,4.160891658116288,0.38219114704650126
3,15,2.894736842105263,-3.4210526315789473,0.0,2.894736842105263,-3.297043395483333,0.07798704767011806,0.07798704767011806,4.481417464717474,0.327676670882849
3,16,3.421052631578947,-3.4210526315789473,0.0,3.421052631578947,-3.317954234810922,0.06483661892136355,0.06483661892136355,4.838099029171114,0.2724227685771578
3,17,3.947368421052632,-3.4210526315789473,0.0,3.947368421052632,-3.3379369881266183,0.052269845796417795,0.052269845796417795,5.223535063494529,0.21962120082528486
3,18,4.473684210526315,-3.4210526315789473,0.0,4.473684210526315,-3.3560775833005136,0.04086157085550858,0.04086157085550858,5.631824883955972,0.1716872725021369
3,19,5.0,-3.4210526315789473,0.0,5.0,-3.371798413348042,0.030975040134642556,0.030975040134642556,6.058349701695441,0.13014722745648133
4,0,-5.0,-2.8947368421052633,0.0,-5.0,-2.835492681489998,0.03725752470982469,0.03725752470982469,5.777499578973723,0.15654422146985164
4,1,-4.473684210526316,-2.8947368421052633,0.0,-4.473684210526316,-2.8165832882685935,0.0491492821062952,0.0491492821062952,5.328541245083312,0.2065095886819126
4,2,-3.947368421052632,-2.8947368421052633,0.0,-3.947368421052632,-2.794763343241745,0.06287143012159441,0.06287143012159441,4.8950197994048095,0.26416567277980846
4,3,-3.4210526315789473,-2.8947368421052633,0.0,-3.4210526315789473,-2.770727606009649,0.07798704767011806,0.07798704767011806,4.481417464717474,0.327676670882849
4,4,-2.8947368421052633,-2.8947368421052633,0.0,-2.8947368421052633,-2.7455755445574517,0.09380470026788,0.09380470026788,4.093776101606328,0.39413739608352943
4,5,-2.368421052631579,-2.8947368421052633,0.0,-2.368421052631579,-2.720760076377183,0.10941067576504972,0.10941067576504972,3.740176421987341,0.4597087217018896
4,6,-1.8421052631578947,-2.8947368421052633,0.0,-1.8421052631578947,-2.697966639317604,0.1237450343862147,0.1237450343862147,3.431159160632973,0.5199371192698097
4,7,-1.3157894736842106,-2.8947368421052633,0.0,-1.3157894736842106,-2.6789323933105065,0.13571530932263726,0.13571530932263726,3.1797489404196244,0.5702323921119212
4,8,-0.7894736842105265,-2.8947368421052633,0.0,-0.7894736842105265,-2.6652306361694884,0.1443320835320766,0.1443320835320766,3.0004616449977317,0.6064373257650277
4,9,-0.2631578947368425,-2.8947368421052633,0.0,-0.2631578947368425,-2.658056900427989,0.1488435093650187,0.1488435093650187,2.9066739518913844,0.6253928964916752
4,10,0.2631578947368416,-2.8947368421052633,0.0,0.2631578947368416,-2.658056900427989,0.1488435093650187,0.1488435093650187,2.9066739518913844,0.6253928964916752
4,11,0.7894736842105257,-2.8947368421052633,0.0,0.7894736842105257,-2.6652306361694884,0.1443320835320766,0.1443320835320766,3.0004616449977313,0.6064373257650277
4,12,1.3157894736842106,-2.8947368421052633,0.0,1.3157894736842106,-2.6789323933105065,0.13571530932263726,0.13571530932263726,3.1797489404196244,0.5702323921119212
4,13,1.8421052631578947,-2.8947368421052633,0.0,1.8421052631578947,-2.697966639317604,0.1237450343862147,0.1237450343862147,3.431159160632973,0.5199371192698097
4,14,2.3684210526315788,-2.8947368421052633,0.0,2.3684210526315788,-2.720760076377183,0.10941067576504972,0.10941067576504972,3.740176421987341,0.4597087217018896
4,15,2.894736842105263,-2.8947368421052633,0.0,2.894736842105263,-2.7455755445574517,0.09380470026788,0.09380470026788,4.093776101606328,0.39413739608352943
4,16,3.421052631578947,-2.8947368421052633,0.0,3.421052631578947,-2.770727606009649,0.07798704767011806,0.07798704767011806,4.481417464717474,0.327676670882849
4,17,3.947368421052632,-2.8947368421052633,0.0,3.947368421052632,-2.794763343241745,0.06287143012159441,0.06287143012159441,4.8950197994048095,0.26416567277980846
4,18,4.473684210526315,-2.8947368421052633,0.0,4.473684210526315,-2.8165832882685935,0.049149282106295204,0.049149282106295204,5.328541245083311,0.20650958868191263
4,19,5.0,-2.8947368421052633,0.0,5.0,-2.835492681489998,0.03725752470982469,0.03725752470982469,5.777499578973723,0.15654422146985164
5,0,-5.0,-2.368421052631579,0.0,-5.0,-2.29932063837154,0.04345593498187168,0.04345593498187168,5.532577905691747,0.18258796210870457
5,1,-4.473684210526316,-2.368421052631579,0.0,-4.473684210526316,-2.2772653523917037,0.057326084442040855,0.057326084442040855,5.061943174124038,0.24086590101697838
5,2,-3.947368421052632,-2.368421052631579,0.0,-3.947368421052632,-2.2518152957983113,0.07333114051081449,0.07333114051081449,4.603383074877869,0.3081140357597248
5,3,-3.4210526315789473,-2.368421052631579,0.0,-3.4210526315789473,-2.223780813031831,0.09096149299706727,0.09096149299706727,4.160891658116289,0.38219114704650115
5,4,-2.8947368421052633,-2.368421052631579,0.0,-2.8947368421052633,-2.194444286903499,0.10941067576504972,0.10941067576504972,3.740176421987341,0.4597087217018896
5,5,-2.368421052631579,-2.368421052631579,0.0,-2.368421052631579,-2.165500351948473,0.12761296541836253,0.12761296541836253,3.349453174041541,0.5361889303292544
5,6,-1.8421052631578947,-2.368421052631579,0.0,-1.8421052631578947,-2.1389148466958043,0.1443320835320766,0.1443320835320766,3.0004616449977317,0.6064373257650277
5,7,-1.3157894736842106,-2.368421052631579,0.0,-1.3157894736842106,-2.1167139365882353,0.1582938132337585,0.1582938132337585,2.709376352891316,0.6651000556040273
5,8,-0.7894736842105265,-2.368421052631579,0.0,-0.7894736842105265,-2.1007326637555694,0.16834413146384003,0.16834413146384003,2.4965349948697733,0.7073282834615128
5,9,-0.2631578947368425,-2.368421052631579,0.0,-0.2631578947368425,-2.092365457496225,0.17360610818394595,0.17360610818394595,2.382996088983531,0.7294374293443108
5,10,0.2631578947368416,-2.368421052631579,0.0,0.2631578947368416,-2.092365457496225,0.17360610818394595,0.17360610818394595,2.382996088983531,0.7294374293443108
5,11,0.7894736842105257,-2.368421052631579,0.0,0.7894736842105257,-2.1007326637555694,0.16834413146384003,0.16834413146384003,2.4965349948697733,0.7073282834615128
5,12,1.3157894736842106,-2.368421052631579,0.0,1.3157894736842106,-2.1167139365882353,0.1582938132337585,0.1582938132337585,2.709376352891316,0.6651000556040273
5,13,1.8421052631578947,-2.368421052631579,0.0,1.8421052631578947,-2.1389148466958043,0.1443320835320766,0.1443320835320766,3.0004616449977317,0.6064373257650277
5,14,2.3684210526315788,-2.368421052631579,0.0,2.3684210526315788,-2.165500351948473,0.12761296541836253,0.12761296541836253,3.349453174041541,0.5361889303292544
5,15,2.894736842105263,-2.368421052631579,0.0,2.894736842105263,-2.194444286903499,0.10941067576504972,0.10941067576504972,3.740176421987341,0.4597087217018896
5,16,3.421052631578947,-2.368421052631579,0.0,3.421052631578947,-2.223780813031831,0.0909614929970673,0.0909614929970673,4.160891658116288,0.38219114704650126
5,17,3.947368421052632,-2.368421052631579,0.0,3.947368421052632,-2.2518152957983113,0.07333114051081449,0.07333114051081449,4.603383074877869,0.3081140357597248
5,18,4.473684210526315,-2.368421052631579,0.0,4.473684210526315,-2.2772653523917037,0.05732608444204089,0.05732608444204089,5.061943174124037,0.24086590101697855
5,19,5.0,-2.368421052631579,0.0,5.0,-2.29932063837154,0.04345593498187168,0.04345593498187168,5.532577905691747,0.18258796210870457
6,0,-5.0,-1.8421052631578947,0.0,-5.0,-1.763951709321225,0.0491492821062952,0.0491492821062952,5.328541245083312,0.2065095886819126
6,1,-4.473684210526316,-1.8421052631578947,0.0,-4.473684210526316,-1.7390068663898692,0.06483661892136355,0.06483661892136355,4.838099029171114,0.2724227685771578
6,2,-3.947368421052632,-1.8421052631578947,0.0,-3.947368421052632,-1.7102224894882647,0.0829385655525748,0.0829385655525748,4.356038251907066,0.34848136786796136
6,3,-3.4210526315789473,-1.8421052631578947,0.0,-3.4210526315789473,-1.6785150897333492,0.102878745607192,0.102878745607192,3.885479752693,0.4322636370050084
6,4,-2.8947368421052633,-1.8421052631578947,0.0,-2.8947368421052633,-1.6453350603702352,0.1237450343862147,0.1237450343862147,3.431159160632973,0.5199371192698097
6,5,-2.368421052631579,-1.8421052631578947,0.0,-2.368421052631579,-1.6125990572221198,0.1443320835320766,0.1443320835320766,3.0004616449977317,0.6064373257650277
6,6,-1.8421052631578947,-1.8421052631578947,0.0,-1.8421052631578947,-1.582530471696417,0.16324164451798562,0.16324164451798562,2.605130246476754,0.6858892626806119
6,7,-1.3157894736842106,-1.8421052631578947,0.0,-1.3157894736842106,-1.5574209258001288,0.17903255989205516,0.17903255989205516,2.2637698071164807,0.7522376466052738
6,8,-0.7894736842105265,-1.8421052631578947,0.0,-0.7894736842105265,-1.5393458783480831,0.19039961311860257,0.19039961311860257,2.0041508173326075,0.79999837444791
6,9,-0.2631578947368425,-1.8421052631578947,0.0,-0.2631578947368425,-1.5298824487600728,0.19635098382000693,0.19635098382000693,1.8608073189119672,0.8250041336975081
6,10,0.2631578947368416,-1.8421052631578947,0.0,0.2631578947368416,-1.5298824487600726,0.19635098382000696,0.19635098382000696,1.860807318911967,0.8250041336975082
6,11,0.7894736842105257,-1.8421052631578947,0.0,0.7894736842105257,-1.5393458783480831,0.1903996131186026,0.1903996131186026,2.004150817332607,0.7999983744479101
6,12,1.3157894736842106,-1.8421052631578947,0.0,1.3157894736842106,-1.5574209258001288,0.17903255989205516,0.17903255989205516,2.2637698071164807,0.7522376466052738
6,13,1.8421052631578947,-1.8421052631578947,0.0,1.8421052631578947,-1.582530471696417,0.16324164451798562,0.16324164451798562,2.605130246476754,0.6858892626806119
6,14,2.3684210526315788,-1.8421052631578947,0.0,2.3684210526315788,-1.6125990572221198,0.1443320835320766,0.1443320835320766,3.0004616449977313,0.6064373257650277
6,15,2.894736842105263,-1.8421052631578947,0.0,2.894736842105263,-1.6453350603702352,0.1237450343862147,0.1237450343862147,3.4311591606329728,0.5199371192698097
6,16,3.421052631578947,-1.8421052631578947,0.0,3.421052631578947,-1.6785150897333492,0.10287874560719203,0.10287874560719203,3.8854797526929996,0.4322636370050085
6,17,3.947368421052632,-1.8421052631578947,0.0,3.947368421052632,-1.7102224894882647,0.0829385655525748,0.0829385655525748,4.356038251907066,0.34848136786796136
6,18,4.473684210526315,-1.8421052631578947,0.0,4.473684210526315,-1.7390068663898692,0.06483661892136355,0.06483661892136355,4.838099029171114,0.2724227685771578
6,19,5.0,-1.8421052631578947,0.0,5.0,-1.763951709321225,0.0491492821062952,0.0491492821062952,5.328541245083312,0.2065095886819126
7,0,-5.0,-1.3157894736842106,0.0,-5.0,-1.2300758627404116,0.05390365809122512,0.05390365809122512,5.170232290628553,0.2264859583664921
7,1,-4.473684210526316,-1.3157894736842106,0.0,-4.473684210526316,-1.2027180209391195,0.0711084839564848,0.0711084839564848,4.663169775439303,0.2987751426743059
7,2,-3.947368421052632,-1.3157894736842106,0.0,-3.947368421052632,-1.1711492340844623,0.09096149299706727,0.09096149299706727,4.160891658116289,0.38219114704650115
7,3,-3.4210526315789473,-1.3157894736842106,0.0,-3.4210526315789473,-1.136374670507839,0.11283055398593331,0.11283055398593331,3.665365336101084,0.4740779579240895
7,4,-2.8947368421052633,-1.3157894736842106,0.0,-2.8947368421052633,-1.099985024889454,0.13571530932263726,0.13571530932263726,3.1797489404196244,0.5702323921119212
7,5,-2.368421052631579,-1.3157894736842106,0.0,-2.368421052631579,-1.0640823576408664,0.1582938132337585,0.1582938132337585,2.709376352891316,0.6651000556040273
7,6,-1.8421052631578947,-1.3157894736842106,0.0,-1.8421052631578947,-1.0311051363264447,0.17903255989205516,0.17903255989205516,2.2637698071164807,0.7522376466052738
7,7,-1.3157894736842106,-1.3157894736842106,0.0,-1.3157894736842106,-1.0035666592863888,0.19635098382000693,0.19635098382000693,1.8608073189119674,0.8250041336975081
7,8,-0.7894736842105265,-1.3157894736842106,0.0,-0.7894736842105265,-0.9837431514733834,0.20881761048005515,0.20881761048005515,1.5344610249592898,0.877384917983425
7,9,-0.2631578947368425,-1.3157894736842106,0.0,-0.2631578947368425,-0.9733642923930153,0.21534467736108992,0.21534467736108992,1.3418472404191542,0.9048095687440754
7,10,0.2631578947368416,-1.3157894736842106,0.0,0.2631578947368416,-0.9733642923930153,0.21534467736108992,0.21534467736108992,1.341847240419154,0.9048095687440754
7,11,0.7894736842105257,-1.3157894736842106,0.0,0.7894736842105257,-0.9837431514733834,0.20881761048005515,0.20881761048005515,1.5344610249592894,0.877384917983425
7,12,1.3157894736842106,-1.3157894736842106,0.0,1.3157894736842106,-1.0035666592863888,0.19635098382000693,0.19635098382000693,1.8608073189119674,0.8250041336975081
7,13,1.8421052631578947,-1.3157894736842106,0.0,1.8421052631578947,-1.0311051363264447,0.17903255989205516,0.17903255989205516,2.2637698071164807,0.7522376466052738
7,14,2.3684210526315788,-1.3157894736842106,0.0,2.3684210526315788,-1.0640823576408664,0.1582938132337585,0.1582938132337585,2.709376352891316,0.6651000556040273
7,15,2.894736842105263,-1.3157894736842106,0.0,2.894736842105263,-1.099985024889454,0.13571530932263726,0.13571530932263726,3.179748940419624,0.5702323921119212
7,16,3.421052631578947,-1.3157894736842106,0.0,3.421052631578947,-1.136374670507839,0.11283055398593331,0.11283055398593331,3.665365336101084,0.4740779579240895
7,17,3.947368421052632,-1.3157894736842106,0.0,3.947368421052632,-1.1711492340844623,0.09096149299706727,0.09096149299706727,4.160891658116289,0.38219114704650115
7,18,4.473684210526315,-1.3157894736842106,0.0,4.473684210526315,-1.2027180209391195,0.07110848395648481,0.07110848395648481,4.663169775439302,0.29877514267430594
7,19,5.0,-1.3157894736842106,0.0,5.0,-1.2300758627404116,0.05390365809122512,0.05390365809122512,5.170232290628553,0.2264859583664921
8,0,-5.0,-0.7894736842105265,0.0,-5.0,-0.698317983970651,0.057326084442040855,0.057326084442040855,5.061943174124038,0.24086590101697838
8,1,-4.473684210526316,-0.7894736842105265,0.0,-4.473684210526316,-0.6692231506181783,0.0756232712246767,0.0756232712246767,4.54280960569265,0.31774483707847356
8,2,-3.947368421052632,-0.7894736842105265,0.0,-3.947368421052632,-0.6356500128192526,0.09673677841491132,0.09673677841491132,4.025541721257462,0.406457052163493
8,3,-3.4210526315789473,-0.7894736842105265,0.0,-3.4210526315789473,-0.5986675585922148,0.11999433979959888,0.11999433979959888,3.510964227401667,0.5041778983176424
8,4,-2.8947368421052633,-0.7894736842105265,0.0,-2.8947368421052633,-0.5599674782747518,0.1443320835320766,0.1443320835320766,3.0004616449977317,0.6064373257650277
8,5,-2.368421052631579,-0.7894736842105265,0.0,-2.368421052631579,-0.521785295334517,0.16834413146384003,0.16834413146384003,2.4965349948697733,0.7073282834615128
8,6,-1.8421052631578947,-0.7894736842105265,0.0,-1.8421052631578947,-0.486714299400715,0.19039961311860257,0.19039961311860257,2.0041508173326075,0.79999837444791
8,7,-1.3157894736842106,-0.7894736842105265,0.0,-1.3157894736842106,-0.45742736199969936,0.20881761048005515,0.20881761048005515,1.5344610249592898,0.877384917983425
8,8,-0.7894736842105265,-0.7894736842105265,0.0,-0.7894736842105265,-0.4363452291154603,0.22207576248546904,0.22207576248546904,1.1164843913471807,0.9330914390145758
8,9,-0.2631578947368425,-0.7894736842105265,0.0,-0.2631578947368425,-0.42530740027189096,0.22901724290499473,0.22901724290499473,0.832178331623258,0.96225732313023
8,10,0.2631578947368416,-0.7894736842105265,0.0,0.2631578947368416,-0.42530740027189096,0.22901724290499476,0.22901724290499476,0.8321783316232577,0.9622573231302302
8,11,0.7894736842105257,-0.7894736842105265,0.0,0.7894736842105257,-0.4363452291154603,0.22207576248546904,0.22207576248546904,1.11648439134718,0.9330914390145758
8,12,1.3157894736842106,-0.7894736842105265,0.0,1.3157894736842106,-0.45742736199969936,0.20881761048005515,0.20881761048005515,1.5344610249592898,0.877384917983425
8,13,1.8421052631578947,-0.7894736842105265,0.0,1.8421052631578947,-0.486714299400715,0.19039961311860257,0.19039961311860257,2.0041508173326075,0.79999837444791
8,14,2.3684210526315788,-0.7894736842105265,0.0,2.3684210526315788,-0.521785295334517,0.16834413146384003,0.16834413146384003,2.4965349948697733,0.7073282834615128
8,15,2.894736842105263,-0.7894736842105265,0.0,2.894736842105263,-0.5599674782747518,0.1443320835320766,0.1443320835320766,3.0004616449977313,0.6064373257650277
8,16,3.421052631578947,-0.7894736842105265,0.0,3.421052631578947,-0.5986675585922148,0.11999433979959888,0.11999433979959888,3.5109642274016664,0.5041778983176424
8,17,3.947368421052632,-0.7894736842105265,0.0,3.947368421052632,-0.6356500128192526,0.09673677841491132,0.09673677841491132,4.025541721257462,0.406457052163493
8,18,4.473684210526315,-0.7894736842105265,0.0,4.473684210526315,-0.6692231506181782,0.07562327122467673,0.07562327122467673,4.542809605692649,0.3177448370784737
8,19,5.0,-0.7894736842105265,0.0,5.0,-0.698317983970651,0.057326084442040855,0.057326084442040855,5.061943174124038,0.24086590101697838
9,0,-5.0,-0.2631578947368425,0.0,-5.0,-0.16915291683937184,0.05911794091583567,0.05911794091583567,5.00692041853696,0.248394709730402
9,1,-4.473684210526316,-0.2631578947368425,0.0,-4.473684210526316,-0.13914865864122827,0.07798704767011806,0.07798704767011806,4.481417464717474,0.327676670882849
9,2,-3.947368421052632,-0.2631578947368425,0.0,-3.947368421052632,-0.10452611645865892,0.09976050529847454,0.09976050529847454,3.956130625887608,0.4191617869683804
9,3,-3.4210526315789473,-0.2631578947368425,0.0,-3.4210526315789473,-0.06638769194918301,0.1237450343862147,0.1237450343862147,3.4311591606329728,0.5199371192698097
9,4,-2.8947368421052633,-0.2631578947368425,0.0,-2.8947368421052633,-0.026477953059568016,0.1488435093650187,0.1488435093650187,2.9066739518913844,0.6253928964916752
9,5,-2.368421052631579,-0.2631578947368425,0.0,-2.368421052631579,0.012897700398511958,0.17360610818394595,0.17360610818394595,2.382996088983531,0.7294374293443108
9,6,-1.8421052631578947,-0.2631578947368425,0.0,-1.8421052631578947,0.04906491966097948,0.19635098382000693,0.19635098382000693,1.8608073189119672,0.8250041336975081
9,7,-1.3157894736842106,-0.2631578947368425,0.0,-1.3157894736842106,0.07926728655435283,0.21534467736108992,0.21534467736108992,1.3418472404191542,0.9048095687440754
9,8,-0.7894736842105265,-0.2631578947368425,0.0,-0.7894736842105265,0.10100838920179311,0.22901724290499473,0.22901724290499473,0.832178331623258,0.96225732313023
9,9,-0.2631578947368425,-0.2631578947368425,0.0,-0.2631578947368425,0.11239123035978255,0.236175695000652,0.236175695000652,0.37216146378239395,0.992334852943916
9,10,0.2631578947368416,-0.2631578947368425,0.0,0.2631578947368416,0.11239123035978255,0.236175695000652,0.236175695000652,0.37216146378239334,0.992334852943916
9,11,0.7894736842105257,-0.2631578947368425,0.0,0.7894736842105257,0.10100838920179311,0.22901724290499476,0.22901724290499476,0.8321783316232572,0.9622573231302302
9,12,1.3157894736842106,-0.2631578947368425,0.0,1.3157894736842106,0.07926728655435283,0.21534467736108992,0.21534467736108992,1.3418472404191542,0.9048095687440754
9,13,1.8421052631578947,-0.2631578947368425,0.0,1.8421052631578947,0.04906491966097948,0.19635098382000693,0.19635098382000693,1.8608073189119672,0.8250041336975081
9,14,2.3684210526315788,-0.2631578947368425,0.0,2.3684210526315788,0.012897700398511958,0.17360610818394595,0.17360610818394595,2.3829960889835307,0.7294374293443108
9,15,2.894736842105263,-0.2631578947368425,0.0,2.894736842105263,-0.02647795305956796,0.14884350936501872,0.14884350936501872,2.906673951891384,0.6253928964916753
9,16,3.421052631578947,-0.2631578947368425,0.0,3.421052631578947,-0.06638769194918301,0.1237450343862147,0.1237450343862147,3.4311591606329728,0.5199371192698097
9,17,3.947368421052632,-0.2631578947368425,0.0,3.947368421052632,-0.10452611645865892,0.09976050529847454,0.09976050529847454,3.956130625887608,0.4191617869683804
9,18,4.473684210526315,-0.2631578947368425,0.0,4.473684210526315,-0.13914865864122825,0.07798704767011808,0.07798704767011808,4.481417464717473,0.3276766708828491
9,19,5.0,-0.2631578947368425,0.0,5.0,-0.16915291683937184,0.05911794091583567,0.05911794091583567,5.00692041853696,0.248394709730402
10,0,-5.0,0.2631578947368416,0.0,-5.0,0.35716287263431223,0.05911794091583567,0.05911794091583567,5.00692041853696,0.248394709730402
10,1,-4.473684210526316,0.2631578947368416,0.0,-4.473684210526316,0.3871671308324558,0.07798704767011806,0.07798704767011806,4.481417464717474,0.327676670882849
10,2,-3.947368421052632,0.2631578947368416,0.0,-3.947368421052632,0.4217896730150251,0.09976050529847454,0.09976050529847454,3.956130625887608,0.4191617869683804
10,3,-3.4210526315789473,0.2631578947368416,0.0,-3.4210526315789473,0.45992809752450103,0.1237450343862147,0.1237450343862147,3.4311591606329728,0.5199371192698097
10,4,-2.8947368421052633,0.2631578947368416,0.0,-2.8947368421052633,0.49983783641411605,0.1488435093650187,0.1488435093650187,2.9066739518913844,0.6253928964916752
10,5,-2.368421052631579,0.2631578947368416,0.0,-2.368421052631579,0.5392134898721961,0.17360610818394595,0.17360610818394595,2.382996088983531,0.7294374293443108
10,6,-1.8421052631578947,0.2631578947368416,0.0,-1.8421052631578947,0.5753807091346637,0.19635098382000696,0.19635098382000696,1.860807318911967,0.8250041336975082
10,7,-1.3157894736842106,0.2631578947368416,0.0,-1.3157894736842106,0.605583076028037,0.21534467736108992,0.21534467736108992,1.341847240419154,0.9048095687440754
10,8,-0.7894736842105265,0.2631578947368416,0.0,-0.7894736842105265,0.6273241786754772,0.22901724290499476,0.22901724290499476,0.8321783316232577,0.9622573231302302
10,9,-0.2631578947368425,0.2631578947368416,0.0,-0.2631578947368425,0.6387070198334666,0.236175695000652,0.236175695000652,0.37216146378239334,0.992334852943916
10,10,0.2631578947368416,0.2631578947368416,0.0,0.2631578947368416,0.6387070198334667,0.23617569500065203,0.23617569500065203,0.3721614637823927,0.9923348529439161
10,11,0.7894736842105257,0.2631578947368416,0.0,0.7894736842105257,0.6273241786754772,0.22901724290499476,0.22901724290499476,0.8321783316232569,0.9622573231302302
10,12,1.3157894736842106,0.2631578947368416,0.0,1.3157894736842106,0.605583076028037,0.21534467736108992,0.21534467736108992,1.341847240419154,0.9048095687440754
10,13,1.8421052631578947,0.2631578947368416,0.0,1.8421052631578947,0.5753807091346637,0.19635098382000696,0.19635098382000696,1.860807318911967,0.8250041336975082
10,14,2.3684210526315788,0.2631578947368416,0.0,2.3684210526315788,0.5392134898721961,0.17360610818394595,0.17360610818394595,2.3829960889835307,0.7294374293443108
10,15,2.894736842105263,0.2631578947368416,0.0,2.894736842105263,0.4998378364141161,0.14884350936501872,0.14884350936501872,2.906673951891384,0.6253928964916753
10,16,3.421052631578947,0.2631578947368416,0.0,3.421052631578947,0.45992809752450103,0.1237450343862147,0.1237450343862147,3.4311591606329728,0.5199371192698097
10,17,3.947368421052632,0.2631578947368416,0.0,3.947368421052632,0.4217896730150251,0.09976050529847454,0.09976050529847454,3.956130625887608,0.4191617869683804
10,18,4.473684210526315,0.2631578947368416,0.0,4.473684210526315,0.3871671308324558,0.07798704767011808,0.07798704767011808,4.481417464717473,0.3276766708828491
10,19,5.0,0.2631578947368416,0.0,5.0,0.35716287263431223,0.05911794091583567,0.05911794091583567,5.00692041853696,0.248394709730402
11,0,-5.0,0.7894736842105257,0.0,-5.0,0.8806293844504012,0.057326084442040855,0.057326084442040855,5.061943174124038,0.24086590101697838
11,1,-4.473684210526316,0.7894736842105257,0.0,-4.473684210526316,0.909724217802874,0.07562327122467673,0.07562327122467673,4.542809605692649,0.3177448370784737
11,2,-3.947368421052632,0.7894736842105257,0.0,-3.947368421052632,0.9432973556017996,0.09673677841491132,0.09673677841491132,4.025541721257462,0.406457052163493
11,3,-3.4210526315789473,0.7894736842105257,0.0,-3.4210526315789473,0.9802798098288374,0.11999433979959888,0.11999433979959888,3.5109642274016664,0.5041778983176424
11,4,-2.8947368421052633,0.7894736842105257,0.0,-2.8947368421052633,1.0189798901463005,0.1443320835320766,0.1443320835320766,3.0004616449977313,0.6064373257650277
11,5,-2.368421052631579,0.7894736842105257,0.0,-2.368421052631579,1.0571620730865352,0.16834413146384003,0.16834413146384003,2.4965349948697733,0.7073282834615128
11,6,-1.8421052631578947,0.7894736842105257,0.0,-1.8421052631578947,1.0922330690203372,0.1903996131186026,0.1903996131186026,2.004150817332607,0.7999983744479101
11,7,-1.3157894736842106,0.7894736842105257,0.0,-1.3157894736842106,1.1215200064213529,0.20881761048005515,0.20881761048005515,1.5344610249592894,0.877384917983425
11,8,-0.7894736842105265,0.7894736842105257,0.0,-0.7894736842105265,1.1426021393055918,0.22207576248546904,0.22207576248546904,1.11648439134718,0.9330914390145758
11,9,-0.2631578947368425,0.7894736842105257,0.0,-0.2631578947368425,1.1536399681491614,0.22901724290499476,0.22901724290499476,0.8321783316232572,0.9622573231302302
11,10,0.2631578947368416,0.7894736842105257,0.0,0.2631578947368416,1.1536399681491614,0.22901724290499476,0.22901724290499476,0.8321783316232569,0.9622573231302302
11,11,0.7894736842105257,0.7894736842105257,0.0,0.7894736842105257,1.1426021393055918,0.22207576248546906,0.22207576248546906,1.1164843913471794,0.9330914390145759
11,12,1.3157894736842106,0.7894736842105257,0.0,1.3157894736842106,1.1215200064213529,0.20881761048005515,0.20881761048005515,1.5344610249592894,0.877384917983425
11,13,1.8421052631578947,0.7894736842105257,0.0,1.8421052631578947,1.0922330690203372,0.1903996131186026,0.1903996131186026,2.004150817332607,0.7999983744479101
11,14,2.3684210526315788,0.7894736842105257,0.0,2.3684210526315788,1.0571620730865352,0.16834413146384006,0.16834413146384006,2.496534994869773,0.7073282834615129
11,15,2.894736842105263,0.7894736842105257,0.0,2.894736842105263,1.0189798901463005,0.14433208353207663,0.14433208353207663,3.000461644997731,0.6064373257650278
11,16,3.421052631578947,0.7894736842105257,0.0,3.421052631578947,0.9802798098288374,0.1199943397995989,0.1199943397995989,3.510964227401666,0.5041778983176425
11,17,3.947368421052632,0.7894736842105257,0.0,3.947368421052632,0.9432973556017996,0.09673677841491132,0.09673677841491132,4.025541721257462,0.406457052163493
11,18,4.473684210526315,0.7894736842105257,0.0,4.473684210526315,0.909724217802874,0.07562327122467673,0.07562327122467673,4.542809605692649,0.3177448370784737
11,19,5.0,0.7894736842105257,0.0,5.0,0.8806293844504012,0.057326084442040855,0.057326084442040855,5.061943174124038,0.24086590101697838
12,0,-5.0,1.3157894736842106,0.0,-5.0,1.4015030846280097,0.05390365809122512,0.05390365809122512,5.170232290628553,0.2264859583664921
12,1,-4.473684210526316,1.3157894736842106,0.0,-4.473684210526316,1.4288609264293017,0.0711084839564848,0.0711084839564848,4.663169775439303,0.2987751426743059
12,2,-3.947368421052632,1.3157894736842106,0.0,-3.947368421052632,1.460429713283959,0.09096149299706727,0.09096149299706727,4.160891658116289,0.38219114704650115
12,3,-3.4210526315789473,1.3157894736842106,0.0,-3.4210526315789473,1.4952042768605822,0.11283055398593331,0.11283055398593331,3.665365336101084,0.4740779579240895
12,4,-2.8947368421052633,1.3157894736842106,0.0,-2.8947368421052633,1.5315939224789672,0.13571530932263726,0.13571530932263726,3.1797489404196244,0.5702323921119212
12,5,-2.368421052631579,1.3157894736842106,0.0,-2.368421052631579,1.5674965897275548,0.1582938132337585,0.1582938132337585,2.709376352891316,0.6651000556040273
12,6,-1.8421052631578947,1.3157894736842106,0.0,-1.8421052631578947,1.6004738110419765,0.17903255989205516,0.17903255989205516,2.2637698071164807,0.7522376466052738
12,7,-1.3157894736842106,1.3157894736842106,0.0,-1.3157894736842106,1.6280122880820325,0.19635098382000693,0.19635098382000693,1.8608073189119674,0.8250041336975081
12,8,-0.7894736842105265,1.3157894736842106,0.0,-0.7894736842105265,1.6478357958950378,0.20881761048005515,0.20881761048005515,1.5344610249592898,0.877384917983425
12,9,-0.2631578947368425,1.3157894736842106,0.0,-0.2631578947368425,1.658214654975406,0.21534467736108992,0.21534467736108992,1.3418472404191542,0.9048095687440754
12,10,0.2631578947368416,1.3157894736842106,0.0,0.2631578947368416,1.658214654975406,0.21534467736108992,0.21534467736108992,1.341847240419154,0.9048095687440754
12,11,0.7894736842105257,1.3157894736842106,0.0,0.7894736842105257,1.6478357958950378,0.20881761048005515,0.20881761048005515,1.5344610249592894,0.877384917983425
12,12,1.3157894736842106,1.3157894736842106,0.0,1.3157894736842106,1.6280122880820325,0.19635098382000693,0.19635098382000693,1.8608073189119674,0.8250041336975081
12,13,1.8421052631578947,1.3157894736842106,0.0,1.8421052631578947,1.6004738110419765,0.17903255989205516,0.17903255989205516,2.2637698071164807,0.7522376466052738
12,14,2.3684210526315788,1.3157894736842106,0.0,2.3684210526315788,1.5674965897275548,0.1582938132337585,0.1582938132337585,2.709376352891316,0.6651000556040273
12,15,2.894736842105263,1.3157894736842106,0.0,2.894736842105263,1.5315939224789672,0.13571530932263726,0.13571530932263726,3.179748940419624,0.5702323921119212
12,16,3.421052631578947,1.3157894736842106,0.0,3.421052631578947,1.4952042768605822,0.11283055398593331,0.11283055398593331,3.665365336101084,0.4740779579240895
12,17,3.947368421052632,1.3157894736842106,0.0,3.947368421052632,1.460429713283959,0.09096149299706727,0.09096149299706727,4.160891658116289,0.38219114704650115
12,18,4.473684210526315,1.3157894736842106,0.0,4.473684210526315,1.4288609264293017,0.07110848395648481,0.07110848395648481,4.663169775439302,0.29877514267430594
12,19,5.0,1.3157894736842106,0.0,5.0,1.4015030846280097,0.05390365809122512,0.05390365809122512,5.170232290628553,0.2264859583664921
13,0,-5.0,1.8421052631578947,0.0,-5.0,1.9202588169945645,0.0491492821062952,0.0491492821062952,5.328541245083312,0.2065095886819126
13,1,-4.473684210526316,1.8421052631578947,0.0,-4.473684210526316,1.9452036599259201,0.06483661892136355,0.06483661892136355,4.838099029171114,0.2724227685771578
13,2,-3.947368421052632,1.8421052631578947,0.0,-3.947368421052632,1.9739880368275247,0.0829385655525748,0.0829385655525748,4.356038251907066,0.34848136786796136
13,3,-3.4210526315789473,1.8421052631578947,0.0,-3.4210526315789473,2.00569543658244,0.102878745607192,0.102878745607192,3.885479752693,0.4322636370050084
13,4,-2.8947368421052633,1.8421052631578947,0.0,-2.8947368421052633,2.038875465945554,0.1237450343862147,0.1237450343862147,3.431159160632973,0.5199371192698097
13,5,-2.368421052631579,1.8421052631578947,0.0,-2.368421052631579,2.0716114690936696,0.1443320835320766,0.1443320835320766,3.0004616449977317,0.6064373257650277
13,6,-1.8421052631578947,1.8421052631578947,0.0,-1.8421052631578947,2.101680054619372,0.16324164451798562,0.16324164451798562,2.605130246476754,0.6858892626806119
13,7,-1.3157894736842106,1.8421052631578947,0.0,-1.3157894736842106,2.126789600515661,0.17903255989205516,0.17903255989205516,2.2637698071164807,0.7522376466052738
13,8,-0.7894736842105265,1.8421052631578947,0.0,-0.7894736842105265,2.1448646479677063,0.19039961311860257,0.19039961311860257,2.0041508173326075,0.79999837444791
13,9,-0.2631578947368425,1.8421052631578947,0.0,-0.2631578947368425,2.1543280775557165,0.19635098382000693,0.19635098382000693,1.8608073189119672,0.8250041336975081
13,10,0.2631578947368416,1.8421052631578947,0.0,0.2631578947368416,2.1543280775557165,0.19635098382000696,0.19635098382000696,1.860807318911967,0.8250041336975082
13,11,0.7894736842105257,1.8421052631578947,0.0,0.7894736842105257,2.1448646479677063,0.1903996131186026,0.1903996131186026,2.004150817332607,0.7999983744479101
13,12,1.3157894736842106,1.8421052631578947,0.0,1.3157894736842106,2.126789600515661,0.17903255989205516,0.17903255989205516,2.2637698071164807,0.7522376466052738
13,13,1.8421052631578947,1.8421052631578947,0.0,1.8421052631578947,2.101680054619372,0.16324164451798562,0.16324164451798562,2.605130246476754,0.6858892626806119
13,14,2.3684210526315788,1.8421052631578947,0.0,2.3684210526315788,2.0716114690936696,0.1443320835320766,0.1443320835320766,3.0004616449977313,0.6064373257650277
13,15,2.894736842105263,1.8421052631578947,0.0,2.894736842105263,2.038875465945554,0.1237450343862147,0.1237450343862147,3.4311591606329728,0.5199371192698097
13,16,3.421052631578947,1.8421052631578947,0.0,3.421052631578947,2.00569543658244,0.10287874560719203,0.10287874560719203,3.8854797526929996,0.4322636370050085
13,17,3.947368421052632,1.8421052631578947,0.0,3.947368421052632,1.9739880368275247,0.0829385655525748,0.0829385655525748,4.356038251907066,0.34848136786796136
13,18,4.473684210526315,1.8421052631578947,0.0,4.473684210526315,1.9452036599259201,0.06483661892136355,0.06483661892136355,4.838099029171114,0.2724227685771578
13,19,5.0,1.8421052631578947,0.0,5.0,1.9202588169945645,0.0491492821062952,0.0491492821062952,5.328541245083312,0.2065095886819126
14,0,-5.0,2.3684210526315788,0.0,-5.0,2.437521466891618,0.04345593498187168,0.04345593498187168,5.532577905691747,0.18258796210870457
14,1,-4.473684210526316,2.3684210526315788,0.0,-4.473684210526316,2.4595767528714543,0.057326084442040855,0.057326084442040855,5.061943174124038,0.24086590101697838
14,2,-3.947368421052632,2.3684210526315788,0.0,-3.947368421052632,2.4850268094648467,0.07333114051081449,0.07333114051081449,4.603383074877869,0.3081140357597248
14,3,-3.4210526315789473,2.3684210526315788,0.0,-3.4210526315789473,2.513061292231327,0.0909614929970673,0.0909614929970673,4.160891658116288,0.38219114704650126
14,4,-2.8947368421052633,2.3684210526315788,0.0,-2.8947368421052633,2.542397818359659,0.10941067576504972,0.10941067576504972,3.740176421987341,0.4597087217018896
14,5,-2.368421052631579,2.3684210526315788,0.0,-2.368421052631579,2.571341753314685,0.12761296541836253,0.12761296541836253,3.349453174041541,0.5361889303292544
14,6,-1.8421052631578947,2.3684210526315788,0.0,-1.8421052631578947,2.5979272585673536,0.1443320835320766,0.1443320835320766,3.0004616449977313,0.6064373257650277
14,7,-1.3157894736842106,2.3684210526315788,0.0,-1.3157894736842106,2.6201281686749227,0.1582938132337585,0.1582938132337585,2.709376352891316,0.6651000556040273
14,8,-0.7894736842105265,2.3684210526315788,0.0,-0.7894736842105265,2.636109441507588,0.16834413146384003,0.16834413146384003,2.4965349948697733,0.7073282834615128
14,9,-0.2631578947368425,2.3684210526315788,0.0,-0.2631578947368425,2.644476647766933,0.17360610818394595,0.17360610818394595,2.3829960889835307,0.7294374293443108
14,10,0.2631578947368416,2.3684210526315788,0.0,0.2631578947368416,2.644476647766933,0.17360610818394595,0.17360610818394595,2.3829960889835307,0.7294374293443108
14,11,0.7894736842105257,2.3684210526315788,0.0,0.7894736842105257,2.636109441507588,0.16834413146384006,0.16834413146384006,2.496534994869773,0.7073282834615129
14,12,1.3157894736842106,2.3684210526315788,0.0,1.3157894736842106,2.6201281686749227,0.1582938132337585,0.1582938132337585,2.709376352891316,0.6651000556040273
14,13,1.8421052631578947,2.3684210526315788,0.0,1.8421052631578947,2.5979272585673536,0.1443320835320766,0.1443320835320766,3.0004616449977313,0.6064373257650277
14,14,2.3684210526315788,2.3684210526315788,0.0,2.3684210526315788,2.571341753314685,0.12761296541836256,0.12761296541836256,3.3494531740415407,0.5361889303292545
14,15,2.894736842105263,2.3684210526315788,0.0,2.894736842105263,2.542397818359659,0.10941067576504973,0.10941067576504973,3.7401764219873406,0.45970872170188964
14,16,3.421052631578947,2.3684210526315788,0.0,3.421052631578947,2.513061292231327,0.0909614929970673,0.0909614929970673,4.160891658116288,0.38219114704650126
14,17,3.947368421052632,2.3684210526315788,0.0,3.947368421052632,2.4850268094648467,0.07333114051081449,0.07333114051081449,4.603383074877869,0.3081140357597248
14,18,4.473684210526315,2.3684210526315788,0.0,4.473684210526315,2.4595767528714543,0.05732608444204089,0.05732608444204089,5.061943174124037,0.24086590101697855
14,19,5.0,2.3684210526315788,0.0,5.0,2.437521466891618,0.04345593498187168,0.04345593498187168,5.532577905691747,0.18258796210870457
15,0,-5.0,2.894736842105263,0.0,-5.0,2.953981002720528,0.03725752470982469,0.03725752470982469,5.777499578973723,0.15654422146985164
15,1,-4.473684210526316,2.894736842105263,0.0,-4.473684210526316,2.9728903959419326,0.0491492821062952,0.0491492821062952,5.328541245083312,0.2065095886819126
15,2,-3.947368421052632,2.894736842105263,0.0,-3.947368421052632,2.994710340968781,0.06287143012159441,0.06287143012159441,4.8950197994048095,0.26416567277980846
15,3,-3.4210526315789473,2.894736842105263,0.0,-3.4210526315789473,3.018746078200877,0.07798704767011806,0.07798704767011806,4.481417464717474,0.327676670882849
15,4,-2.8947368421052633,2.894736842105263,0.0,-2.8947368421052633,3.0438981396530744,0.09380470026788,0.09380470026788,4.093776101606328,0.39413739608352943
15,5,-2.368421052631579,2.894736842105263,0.0,-2.368421052631579,3.068713607833343,0.10941067576504972,0.10941067576504972,3.740176421987341,0.4597087217018896
15,6,-1.8421052631578947,2.894736842105263,0.0,-1.8421052631578947,3.0915070448929223,0.1237450343862147,0.1237450343862147,3.4311591606329728,0.5199371192698097
15,7,-1.3157894736842106,2.894736842105263,0.0,-1.3157894736842106,3.1105412909000196,0.13571530932263726,0.13571530932263726,3.179748940419624,0.5702323921119212
15,8,-0.7894736842105265,2.894736842105263,0.0,-0.7894736842105265,3.1242430480410377,0.1443320835320766,0.1443320835320766,3.0004616449977313,0.6064373257650277
15,9,-0.2631578947368425,2.894736842105263,0.0,-0.2631578947368425,3.1314167837825373,0.14884350936501872,0.14884350936501872,2.906673951891384,0.6253928964916753
15,10,0.2631578947368416,2.894736842105263,0.0,0.2631578947368416,3.1314167837825373,0.14884350936501872,0.14884350936501872,2.906673951891384,0.6253928964916753
15,11,0.7894736842105257,2.894736842105263,0.0,0.7894736842105257,3.1242430480410377,0.14433208353207663,0.14433208353207663,3.000461644997731,0.6064373257650278
15,12,1.3157894736842106,2.894736842105263,0.0,1.3157894736842106,3.1105412909000196,0.13571530932263726,0.13571530932263726,3.179748940419624,0.5702323921119212
15,13,1.8421052631578947,2.894736842105263,0.0,1.8421052631578947,3.0915070448929223,0.1237450343862147,0.1237450343862147,3.4311591606329728,0.5199371192698097
15,14,2.3684210526315788,2.894736842105263,0.0,2.3684210526315788,3.068713607833343,0.10941067576504973,0.10941067576504973,3.7401764219873406,0.45970872170188964
15,15,2.894736842105263,2.894736842105263,0.0,2.894736842105263,3.0438981396530744,0.09380470026788,0.09380470026788,4.093776101606328,0.39413739608352943
15,16,3.421052631578947,2.894736842105263,0.0,3.421052631578947,3.018746078200877,0.07798704767011806,0.07798704767011806,4.481417464717474,0.327676670882849
15,17,3.947368421052632,2.894736842105263,0.0,3.947368421052632,2.994710340968781,0.06287143012159441,0.06287143012159441,4.8950197994048095,0.26416567277980846
15,18,4.473684210526315,2.894736842105263,0.0,4.473684210526315,2.9728903959419326,0.049149282106295204,0.049149282106295204,5.328541245083311,0.20650958868191263
15,19,5.0,2.894736842105263,0.0,5.0,2.953981002720528,0.03725752470982469,0.03725752470982469,5.777499578973723,0.15654422146985164
16,0,-5.0,3.421052631578947,0.0,-5.0,3.470306849809852,0.030975040134642556,0.030975040134642556,6.058349701695441,0.13014722745648133
16,1,-4.473684210526316,3.421052631578947,0.0,-4.473684210526316,3.4860276798573806,0.04086157085550858,0.04086157085550858,5.631824883955972,0.1716872725021369
16,2,-3.947368421052632,3.421052631578947,0.0,-3.947368421052632,3.504168275031276,0.05226984579641783,0.05226984579641783,5.223535063494528,0.21962120082528502
16,3,-3.4210526315789473,3.421052631578947,0.0,-3.4210526315789473,3.524151028346972,0.06483661892136355,0.06483661892136355,4.838099029171114,0.2724227685771578
16,4,-2.8947368421052633,3.421052631578947,0.0,-2.8947368421052633,3.545061867674561,0.07798704767011806,0.07798704767011806,4.481417464717474,0.327676670882849
16,5,-2.368421052631579,3.421052631578947,0.0,-2.368421052631579,3.5656928711786953,0.0909614929970673,0.0909614929970673,4.160891658116288,0.38219114704650126
16,6,-1.8421052631578947,3.421052631578947,0.0,-1.8421052631578947,3.5846428050034924,0.10287874560719203,0.10287874560719203,3.8854797526929996,0.4322636370050085
16,7,-1.3157894736842106,3.421052631578947,0.0,-1.3157894736842106,3.6004674347553185,0.11283055398593331,0.11283055398593331,3.665365336101084,0.4740779579240895
16,8,-0.7894736842105265,3.421052631578947,0.0,-0.7894736842105265,3.6118587571972585,0.11999433979959888,0.11999433979959888,3.5109642274016664,0.5041778983176424
16,9,-0.2631578947368425,3.421052631578947,0.0,-0.2631578947368425,3.6178228343666063,0.1237450343862147,0.1237450343862147,3.4311591606329728,0.5199371192698097
16,10,0.2631578947368416,3.421052631578947,0.0,0.2631578947368416,3.6178228343666063,0.1237450343862147,0.1237450343862147,3.4311591606329728,0.5199371192698097
16,11,0.7894736842105257,3.421052631578947,0.0,0.7894736842105257,3.611858757197259,0.1199943397995989,0.1199943397995989,3.510964227401666,0.5041778983176425
16,12,1.3157894736842106,3.421052631578947,0.0,1.3157894736842106,3.6004674347553185,0.11283055398593331,0.11283055398593331,3.665365336101084,0.4740779579240895
16,13,1.8421052631578947,3.421052631578947,0.0,1.8421052631578947,3.5846428050034924,0.10287874560719203,0.10287874560719203,3.8854797526929996,0.4322636370050085
16,14,2.3684210526315788,3.421052631578947,0.0,2.3684210526315788,3.5656928711786953,0.0909614929970673,0.0909614929970673,4.160891658116288,0.38219114704650126
16,15,2.894736842105263,3.421052631578947,0.0,2.894736842105263,3.545061867674561,0.07798704767011806,0.07798704767011806,4.481417464717474,0.327676670882849
16,16,3.421052631578947,3.421052631578947,0.0,3.421052631578947,3.524151028346972,0.06483661892136355,0.06483661892136355,4.838099029171114,0.2724227685771578
16,17,3.947368421052632,3.421052631578947,0.0,3.947368421052632,3.504168275031276,0.05226984579641783,0.05226984579641783,5.223535063494528,0.21962120082528502
16,18,4.473684210526315,3.421052631578947,0.0,4.473684210526315,3.4860276798573806,0.04086157085550858,0.04086157085550858,5.631824883955972,0.1716872725021369
16,19,5.0,3.421052631578947,0.0,5.0,3.470306849809852,0.030975040134642556,0.030975040134642556,6.058349701695441,0.13014722745648133
17,0,-5.0,3.947368421052632,0.0,-5.0,3.98707608062191,0.02497139114146715,0.02497139114146715,6.370378124689581,0.10492181151876954
17,1,-4.473684210526316,3.947368421052632,0.0,-4.473684210526316,3.9997498655299824,0.032941693184329233,0.032941693184329233,5.966202130923492,0.13841047556440855
17,2,-3.947368421052632,3.947368421052632,0.0,-3.947368421052632,4.01437441147592,0.04213879170496139,0.04213879170496139,5.582421956735902,0.17705374665950163
17,3,-3.4210526315789473,3.947368421052632,0.0,-3.4210526315789473,4.030484064504961,0.052269845796417795,0.052269845796417795,5.223535063494529,0.21962120082528486
17,4,-2.8947368421052633,3.947368421052632,0.0,-2.8947368421052633,4.047341919916151,0.06287143012159441,0.06287143012159441,4.8950197994048095,0.26416567277980846
17,5,-2.368421052631579,3.947368421052632,0.0,-2.368421052631579,4.0639741778859,0.07333114051081449,0.07333114051081449,4.603383074877869,0.3081140357597248
17,6,-1.8421052631578947,3.947368421052632,0.0,-1.8421052631578947,4.079251194722262,0.0829385655525748,0.0829385655525748,4.356038251907066,0.34848136786796136
17,7,-1.3157894736842106,3.947368421052632,0.0,-1.3157894736842106,4.092008660652381,0.09096149299706727,0.09096149299706727,4.160891658116289,0.38219114704650115
17,8,-0.7894736842105265,3.947368421052632,0.0,-0.7894736842105265,4.101192092443906,0.09673677841491132,0.09673677841491132,4.025541721257462,0.406457052163493
17,9,-0.2631578947368425,3.947368421052632,0.0,-0.2631578947368425,4.106000199330816,0.09976050529847454,0.09976050529847454,3.956130625887608,0.4191617869683804
17,10,0.2631578947368416,3.947368421052632,0.0,0.2631578947368416,4.106000199330816,0.09976050529847454,0.09976050529847454,3.956130625887608,0.4191617869683804
17,11,0.7894736842105257,3.947368421052632,0.0,0.7894736842105257,4.101192092443906,0.09673677841491132,0.09673677841491132,4.025541721257462,0.406457052163493
17,12,1.3157894736842106,3.947368421052632,0.0,1.3157894736842106,4.092008660652381,0.09096149299706727,0.09096149299706727,4.160891658116289,0.38219114704650115
17,13,1.8421052631578947,3.947368421052632,0.0,1.8421052631578947,4.079251194722262,0.0829385655525748,0.0829385655525748,4.356038251907066,0.34848136786796136
17,14,2.3684210526315788,3.947368421052632,0.0,2.3684210526315788,4.0639741778859,0.07333114051081449,0.07333114051081449,4.603383074877869,0.3081140357597248
17,15,2.894736842105263,3.947368421052632,0.0,2.894736842105263,4.047341919916151,0.06287143012159441,0.06287143012159441,4.8950197994048095,0.26416567277980846
17,16,3.421052631578947,3.947368421052632,0.0,3.421052631578947,4.030484064504961,0.05226984579641783,0.05226984579641783,5.223535063494528,0.21962120082528502
17,17,3.947368421052632,3.947368421052632,0.0,3.947368421052632,4.01437441147592,0.04213879170496139,0.04213879170496139,5.582421956735902,0.17705374665950163
17,18,4.473684210526315,3.947368421052632,0.0,4.473684210526315,3.9997498655299824,0.032941693184329233,0.032941693184329233,5.966202130923492,0.13841047556440855
17,19,5.0,3.947368421052632,0.0,5.0,3.98707608062191,0.02497139114146715,0.02497139114146715,6.370378124689581,0.10492181151876954
18,0,-5.0,4.473684210526315,0.0,-5.0,4.504725383888791,0.019521202960151227,0.019521202960151227,6.709236202095769,0.082021861177106
18,1,-4.473684210526316,4.473684210526315,0.0,-4.473684210526316,4.514633022836985,0.02575192847123612,0.02575192847123612,6.3267448843006875,0.10820138013124421
18,2,-3.947368421052632,4.473684210526315,0.0,-3.947368421052632,4.5260656550036655,0.032941693184329233,0.032941693184329233,5.966202130923492,0.13841047556440855
18,3,-3.4210526315789473,4.473684210526315,0.0,-3.4210526315789473,4.538659258804749,0.04086157085550858,0.04086157085550858,5.631824883955972,0.1716872725021369
18,4,-2.8947368421052633,4.473684210526315,0.0,-2.8947368421052633,4.551837764362985,0.049149282106295204,0.049149282106295204,5.328541245083311,0.20650958868191263
18,5,-2.368421052631579,4.473684210526315,0.0,-2.368421052631579,4.564839910766191,0.05732608444204089,0.05732608444204089,5.061943174124037,0.24086590101697855
18,6,-1.8421052631578947,4.473684210526315,0.0,-1.8421052631578947,4.576782607294341,0.06483661892136355,0.06483661892136355,4.838099029171114,0.2724227685771578
18,7,-1.3157894736842106,4.473684210526315,0.0,-1.3157894736842106,4.586755663271406,0.07110848395648481,0.07110848395648481,4.663169775439302,0.29877514267430594
18,8,-0.7894736842105265,4.473684210526315,0.0,-0.7894736842105265,4.5939347441186635,0.07562327122467673,0.07562327122467673,4.542809605692649,0.3177448370784737
18,9,-0.2631578947368425,4.473684210526315,0.0,-0.2631578947368425,4.597693446621929,0.07798704767011808,0.07798704767011808,4.481417464717473,0.3276766708828491
18,10,0.2631578947368416,4.473684210526315,0.0,0.2631578947368416,4.597693446621929,0.07798704767011808,0.07798704767011808,4.481417464717473,0.3276766708828491
18,11,0.7894736842105257,4.473684210526315,0.0,0.7894736842105257,4.5939347441186635,0.07562327122467673,0.07562327122467673,4.542809605692649,0.3177448370784737
18,12,1.3157894736842106,4.473684210526315,0.0,1.3157894736842106,4.586755663271406,0.07110848395648481,0.07110848395648481,4.663169775439302,0.29877514267430594
18,13,1.8421052631578947,4.473684210526315,0.0,1.8421052631578947,4.576782607294341,0.06483661892136355,0.06483661892136355,4.838099029171114,0.2724227685771578
18,14,2.3684210526315788,4.473684210526315,0.0,2.3684210526315788,4.564839910766191,0.05732608444204089,0.05732608444204089,5.061943174124037,0.24086590101697855
18,15,2.894736842105263,4.473684210526315,0.0,2.894736842105263,4.551837764362985,0.049149282106295204,0.049149282106295204,5.328541245083311,0.20650958868191263
18,16,3.421052631578947,4.473684210526315,0.0,3.421052631578947,4.538659258804749,0.04086157085550858,0.04086157085550858,5.631824883955972,0.1716872725021369
18,17,3.947368421052632,4.473684210526315,0.0,3.947368421052632,4.5260656550036655,0.032941693184329233,0.032941693184329233,5.966202130923492,0.13841047556440855
18,18,4.473684210526315,4.473684210526315,0.0,4.473684210526315,4.514633022836985,0.02575192847123612,0.02575192847123612,6.3267448843006875,0.10820138013124421
18,19,5.0,4.473684210526315,0.0,5.0,4.504725383888791,0.019521202960151227,0.019521202960151227,6.709236202095769,0.082021861177106
19,0,-5.0,5.0,0.0,-5.0,5.02353070551617,0.014798012717263677,0.014798012717263677,7.0710678118654755,0.06217652402211629
19,1,-4.473684210526316,5.0,0.0,-4.473684210526316,5.031041173362476,0.019521202960151227,0.019521202960151227,6.709236202095769,0.082021861177106
19,2,-3.947368421052632,5.0,0.0,-3.947368421052632,5.039707659569278,0.02497139114146715,0.02497139114146715,6.370378124689581,0.10492181151876954
19,3,-3.4210526315789473,5.0,0.0,-3.4210526315789473,5.049254218230906,0.030975040134642556,0.030975040134642556,6.058349701695441,0.13014722745648133
19,4,-2.8947368421052633,5.0,0.0,-2.8947368421052633,5.059244160615266,0.03725752470982469,0.03725752470982469,5.777499578973723,0.15654422146985164
19,5,-2.368421052631579,5.0,0.0,-2.368421052631579,5.069100414260039,0.04345593498187168,0.04345593498187168,5.532577905691747,0.18258796210870457
19,6,-1.8421052631578947,5.0,0.0,-1.8421052631578947,5.07815355383667,0.0491492821062952,0.0491492821062952,5.328541245083312,0.2065095886819126
19,7,-1.3157894736842106,5.0,0.0,-1.3157894736842106,5.085713610943799,0.05390365809122512,0.05390365809122512,5.170232290628553,0.2264859583664921
19,8,-0.7894736842105265,5.0,0.0,-0.7894736842105265,5.0911557002398755,0.057326084442040855,0.057326084442040855,5.061943174124038,0.24086590101697838
19,9,-0.2631578947368425,5.0,0.0,-0.2631578947368425,5.0940049778974705,0.05911794091583567,0.05911794091583567,5.00692041853696,0.248394709730402
19,10,0.2631578947368416,5.0,0.0,0.2631578947368416,5.0940049778974705,0.05911794091583567,0.05911794091583567,5.00692041853696,0.248394709730402
19,11,0.7894736842105257,5.0,0.0,0.7894736842105257,5.0911557002398755,0.057326084442040855,0.057326084442040855,5.061943174124038,0.24086590101697838
19,12,1.3157894736842106,5.0,0.0,1.3157894736842106,5.085713610943799,0.05390365809122512,0.05390365809122512,5.170232290628553,0.2264859583664921
19,13,1.8421052631578947,5.0,0.0,1.8421052631578947,5.07815355383667,0.0491492821062952,0.0491492821062952,5.328541245083312,0.2065095886819126
19,14,2.3684210526315788,5.0,0.0,2.3684210526315788,5.069100414260039,0.04345593498187168,0.04345593498187168,5.532577905691747,0.18258796210870457
19,15,2.894736842105263,5.0,0.0,2.894736842105263,5.059244160615266,0.03725752470982469,0.03725752470982469,5.777499578973723,0.15654422146985164
19,16,3.421052631578947,5.0,0.0,3.421052631578947,5.049254218230906,0.030975040134642556,0.030975040134642556,6.058349701695441,0.13014722745648133
19,17,3.947368421052632,5.0,0.0,3.947368421052632,5.039707659569278,0.02497139114146715,0.02497139114146715,6.370378124689581,0.10492181151876954
19,18,4.473684210526315,5.0,0.0,4.473684210526315,5.031041173362476,0.019521202960151227,0.019521202960151227,6.709236202095769,0.082021861177106
19,19,5.0,5.0,0.0,5.0,5.02353070551617,0.014798012717263677,0.014798012717263677,7.0710678118654755,0.06217652402211629
